IMG_20180925_124211,Go
IMG_20180925_124409,Go
IMG_20180925_130015,Go
IMG_20180925_130915,Go
IMG_20180925_135324,Go
IMG_20180925_135358,Go
IMG_20180925_135637_HDR,Go
IMG_20180925_140124_HDR,Go
IMG_20180925_140446_HDR,Go
IMG_20180925_141621_HDR,Go
IMG_20180925_141718,Go
IMG_20180925_141734,Go
IMG_20180925_141934_HDR,Go
IMG_20180925_141949,Go
IMG_20180925_142030_HDR,Go
IMG_20180925_142406_HDR,Go
IMG_20180925_142416_HDR,Go
IMG_20180925_142610_HDR,Go
IMG_20180925_142641_HDR,Go
IMG_20180925_142808_HDR,Go
IMG_20180925_142813_HDR,Go
IMG_20180925_142843_HDR,Go
IMG_20180925_142900_HDR,Go
IMG_20180925_142921_HDR,Go
IMG_20180925_142941_HDR,Go
IMG_20180925_143032_HDR,Go
IMG_20180925_143046_HDR,Go
IMG_20180925_143233_HDR,Go
IMG_20180925_143642_HDR,Go
IMG_20180925_143721_HDR,Go
IMG_20180925_143850_HDR,Go
IMG_20180925_144109,Go
IMG_20180925_144113_HDR,Go
IMG_20180925_144132_HDR,Go
IMG_20180925_144158_HDR,Go
IMG_20180925_144218_HDR,Go
IMG_20180925_144251_HDR,Go
IMG_20180925_144422_HDR,Go
IMG_20180925_144504_HDR,Go
IMG_20180925_144559_HDR,Go
IMG_20180925_144602,Go
IMG_20180925_144730_HDR,Go
IMG_20180925_144807_HDR,Go
IMG_20180925_144829_HDR,Go
IMG_20180925_144853_HDR,Go
IMG_20180925_145438,Go
IMG_20180925_145633,Go
IMG_20180925_145734,Go
IMG_20180925_145930_HDR,Go
IMG_20180925_150006_HDR,Go
IMG_20180925_150047_HDR,Go
IMG_20180925_150257_HDR,Go
IMG_20180925_150314_HDR,Go
IMG_20180925_150400_HDR,Go
IMG_20180925_150437_HDR,Go
IMG_20180925_150936_HDR,Go
IMG_20180925_152651_HDR,Go
IMG_20180925_152728_HDR,Go
IMG_20180925_152747_HDR,Go
IMG_20180925_152755_HDR,Go
IMG_20180925_152803_HDR,Go
IMG_20180925_152837_HDR,Go
IMG_20180925_152843_HDR,Go
IMG_20180925_152902_HDR,Go
IMG_20180925_152910_HDR,Go
IMG_20180925_153008_HDR,Go
IMG_20180925_153020_HDR,Go
IMG_20180925_153054_HDR,Go
IMG_20180925_154736_HDR,Go
IMG_20180925_154750,Go
IMG_20180925_154802_HDR,Go
IMG_20180925_154822_HDR,Go
IMG_20180925_154904,Go
IMG_20180925_154911_HDR,Go
IMG_20180925_154929_HDR,Go
IMG_20180925_154940,Go
IMG_20180925_155006,Go
IMG_20180925_155039_HDR,Go
IMG_20180925_155053,Go
IMG_20180925_155117_HDR,Go
IMG_20180925_155124_HDR,Go
IMG_20180925_155205,Go
IMG_20180925_155309_HDR,Go
IMG_20180925_155319,Go
IMG_20180925_155546_HDR,Go
IMG_20180925_155610_HDR,Go
IMG_20180925_155627_HDR,Go
IMG_20180925_155845_HDR,Go
IMG_20180925_155930,Go
IMG_20180925_160016_HDR,Go
IMG_20180925_160024,Go
IMG_20180925_160042_HDR,Go
IMG_20180925_160104_HDR,Go
IMG_20180925_160200_HDR,Go
IMG_20180925_160214_HDR,Go
IMG_20180925_160230,Go
IMG_20180925_160234_HDR,Go
IMG_20180925_160335,Go
IMG_20180925_160405,Go
IMG_20180925_160448,Go
IMG_20180925_160509,Go
IMG_20180925_160649,Go
IMG_20180925_160747,Go
IMG_20180925_161346_HDR,Go
IMG_20180925_124235,NoGo
IMG_20180925_130219,NoGo
IMG_20180925_134413,NoGo
IMG_20180925_134459,NoGo
IMG_20180925_135714_HDR,NoGo
IMG_20180925_140522_HDR,NoGo
IMG_20180925_141930_HDR,NoGo
IMG_20180925_142233_HDR,NoGo
IMG_20180925_142248_HDR,NoGo
IMG_20180925_142306_HDR,NoGo
IMG_20180925_142347_HDR,NoGo
IMG_20180925_142357_HDR,NoGo
IMG_20180925_142623_HDR,NoGo
IMG_20180925_142653_HDR,NoGo
IMG_20180925_142706_HDR,NoGo
IMG_20180925_142723_HDR,NoGo
IMG_20180925_142910_HDR,NoGo
IMG_20180925_143008_HDR,NoGo
IMG_20180925_143014_HDR,NoGo
IMG_20180925_143815_HDR,NoGo
IMG_20180925_143830_HDR,NoGo
IMG_20180925_144138,NoGo
IMG_20180925_144228,NoGo
IMG_20180925_144243_HDR,NoGo
IMG_20180925_144305,NoGo
IMG_20180925_144358_HDR,NoGo
IMG_20180925_144440_HDR,NoGo
IMG_20180925_144447_HDR,NoGo
IMG_20180925_144448,NoGo
IMG_20180925_144508,NoGo
IMG_20180925_144527,NoGo
IMG_20180925_144537,NoGo
IMG_20180925_144547,NoGo
IMG_20180925_144611,NoGo
IMG_20180925_144630,NoGo
IMG_20180925_144748_HDR,NoGo
IMG_20180925_145458,NoGo
IMG_20180925_145620_HDR,NoGo
IMG_20180925_145640_HDR,NoGo
IMG_20180925_145814_HDR,NoGo
IMG_20180925_145854_HDR,NoGo
IMG_20180925_145936_HDR,NoGo
IMG_20180925_150027_HDR,NoGo
IMG_20180925_150417_HDR,NoGo
IMG_20180925_150525_HDR,NoGo
IMG_20180925_150544_HDR,NoGo
IMG_20180925_150624_HDR,NoGo
IMG_20180925_150920_HDR,NoGo
IMG_20180925_150956_HDR,NoGo
IMG_20180925_151057_HDR,NoGo
IMG_20180925_151128_HDR,NoGo
IMG_20180925_151202_HDR,NoGo
IMG_20180925_151214_HDR,NoGo
IMG_20180925_151247_HDR,NoGo
IMG_20180925_152644_HDR,NoGo
IMG_20180925_152658_HDR,NoGo
IMG_20180925_152702_HDR,NoGo
IMG_20180925_152829_HDR,NoGo
IMG_20180925_153100_HDR,NoGo
IMG_20180925_153103_HDR,NoGo
IMG_20180925_154831,NoGo
IMG_20180925_154947_HDR,NoGo
IMG_20180925_155012_HDR,NoGo
IMG_20180925_155244,NoGo
IMG_20180925_155301,NoGo
IMG_20180925_155354_HDR,NoGo
IMG_20180925_155400_HDR,NoGo
IMG_20180925_155506_HDR,NoGo
IMG_20180925_155514_HDR,NoGo
IMG_20180925_155645_HDR,NoGo
IMG_20180925_155649_HDR,NoGo
IMG_20180925_155805_HDR,NoGo
IMG_20180925_155857,NoGo
IMG_20180925_155953_HDR,NoGo
IMG_20180925_160002,NoGo
IMG_20180925_160004,NoGo
IMG_20180925_160029_HDR,NoGo
IMG_20180925_160150,NoGo
IMG_20180925_160204,NoGo
IMG_20180925_160302,NoGo
IMG_20180925_160546,NoGo
IMG_20180925_160606,NoGo
IMG_20180925_160627,NoGo
IMG_20180925_160805,NoGo
IMG_20180925_161132_HDR,NoGo
IMG_20180925_161300_HDR,NoGo
IMG_20180925_161316_HDR,NoGo
IMG_20180925_161338_HDR,NoGo